id;id_a;first_name_a;last_name_a;birthday_a
1;87589;Rh√¥ne-Alpes SSL Loan;partnerships;2021-09-28T10:56:22
2;3533;static Steel;invoice;2021-09-28T23:03:39
3;8668;bandwidth;program;2021-09-28T22:30:56
4;82668;Agent Lanka;a Virtual Cheese;2021-09-28T10:43:43
5;6878;grow Roumanie;connecting;2021-09-29T02:25:19
6;92534;engage Card;Buckinghamshire bypassing Centre;2021-09-28T07:02:22
7;25934;ivory;Consultant;2021-09-28T11:22:59
8;19241;out-of-the-box Auto visualize;driver;2021-09-28T10:58:58
9;41233;black;deposit b;2021-09-28T18:47:18
10;61751;teal Faubourg;payment Chair deposit;2021-09-28T15:29:21
