id;id_c;first_name_c;last_name_c;email;phone_number_c
1;40097;calculate;Lettonie;Augustine8@hotmail.fr;65355
2;77851;parse compressing;plug-and-play envisioneer c;Maxellende.Fabre0@yahoo.fr;43800
3;58952;a Aquitaine iterate;online Account global;Axel.Martin89@hotmail.fr;84552
4;95489;Licensed;uniform content;Pascal13@yahoo.fr;11545
5;41210;Metal Wooden back-end;Avon online;Gervais67@gmail.com;29264
6;90509;Multi-layered Hryvnia;orange;Justine.Perez@hotmail.fr;29350
7;78590;Chair b;Bike payment Borders;Jonas92@hotmail.fr;30317
8;62983;Plastic Small;Automotive Fantastic Ball;Brunehilde.Gerard59@gmail.com;36349
9;51251;Reduced;Niger Manager;Michal_Perrot@yahoo.fr;87956
10;86240;Executif invoice;Nauru;Samuel15@yahoo.fr;60373
