id;id_p;title;type;retention_date;description
1;Steel;Consultant;cross-platform c;2021-09-28T02:53:56;wireless Handmade
2;b Pound withdrawal;deposit d'Assas Metal;infomediaries partnerships b;2021-09-27T13:28:02;compressing withdrawal green
3;Bedfordshire Liban neutral;Bike;Computer CFP orange;2021-09-28T09:01:45;c distributed
4;auxiliary;COM a Awesome;homogeneous la;2021-09-27T14:32:36;Manager
5;Shoes;Ball pixel;Account;2021-09-27T18:55:28;cross-platform
6;de c open-source;Fantastic;Buckinghamshire;2021-09-28T09:12:02;AGP lavender
7;navigate brand up;e-commerce Gorgeous;a;2021-09-27T19:46:01;full-range
8;back-end a b;Games;Account transmit Incredible;2021-09-27T14:03:32;b Industrial Concrete
9;Pants bypassing c;Turkm√©nistan;Saint-Bernard Checking Coordinateur;2021-09-28T07:03:41;capacity Administrateur CFA
10;Colombian B2C;bypassing Faubourg-Saint-Denis Virtual;index Account Concrete;2021-09-28T03:24:27;transmit
